;Wild type_1;dPANK/fbl_1;dPANK/fbl_2;Wild type_2;Wild type_3;Wild type_4;dPANK/fbl_3;dPANK/fbl_4;Wild type_5;dPANK/fbl_5;Kingdom;Phylum;Class;Order;Family;Genus;Species
d1f794eb4ec60ebbbacbaeeafd6e048d;1753;689;22;1731;1731;1099;1762;1372;1422;1769;Bacteria;Proteobacteria;Alphaproteobacteria;Acetobacterales;Acetobacteraceae;Acetobacter;uncultured bacterium
259296e6ad05c6118fd85b48715d3657;16;3;0;14;1;5;8;3;17;9;Bacteria;Firmicutes;Bacilli;Lactobacillales;Lactobacillaceae;Lactobacillus;Lactobacillus plantarum
89a97b32fe9a8499e2da652f0a103d5f;10;4;0;12;1;5;5;1;7;6;Bacteria;Proteobacteria;Gammaproteobacteria;Xanthomonadales;Xanthomonadaceae;Arenimonas;
79bbcbd18a67704612a75def6d227517;8;0;0;4;89;5;17;208;318;2;Bacteria;Proteobacteria;Alphaproteobacteria;Acetobacterales;Acetobacteraceae;Acetobacter;Acetobacter pasteurianus
d5eb3526b89702d07bd756ddd0eded69;8;0;0;3;3;5;3;6;4;5;Bacteria;Proteobacteria;Gammaproteobacteria;Betaproteobacteriales;Burkholderiaceae;Rhodoferax;
1d759d9769a2525fc0682c20437817cb;7;1081;0;2;3;1;2;4;6;1;Bacteria;Proteobacteria;Gammaproteobacteria;Orbales;Orbaceae;Gilliamella;uncultured gamma proteobacterium
93572bf5ec39f17607a2ed64841ee0e9;7;0;0;3;3;2;3;8;4;3;Bacteria;Proteobacteria;Alphaproteobacteria;Sphingomonadales;Sphingomonadaceae;;
94d30be1c6993d92eee39ecbf6562657;4;5;0;2;3;4;6;3;1;4;Bacteria;Proteobacteria;Gammaproteobacteria;Aeromonadales;Aeromonadaceae;Oceanisphaera;uncultured bacterium
32757a5475aea09a7430aeb4ff4e4b47;3;0;0;1;0;2;0;0;0;0;Bacteria;Actinobacteria;Actinobacteria;Propionibacteriales;Nocardioidaceae;Nocardioides;uncultured bacterium
408884094841d392d02e1a0b01b2fcc5;3;0;0;0;0;0;3;1;0;0;Bacteria;Proteobacteria;Alphaproteobacteria;Rhodobacterales;Rhodobacteraceae;;
4192affd0680e9f29fcf24b8fe44146c;3;0;0;1;1;2;4;0;0;0;Bacteria;Proteobacteria;Deltaproteobacteria;Desulfuromonadales;Sva1033;uncultured bacterium;uncultured bacterium
48e8dc95154fd60b9feb492f4874bba1;3;0;0;0;0;2;1;0;0;0;Bacteria;Proteobacteria;Gammaproteobacteria;Salinisphaerales;Solimonadaceae;uncultured;uncultured bacterium
63730b79cf39a82b00131355faac0c25;3;0;0;0;4;2;0;3;0;4;Bacteria;Proteobacteria;Alphaproteobacteria;Sphingomonadales;Sphingomonadaceae;Novosphingobium;
6761ee257cde7b9e3382b063e4784a9a;3;2;0;2;0;1;0;0;1;2;Bacteria;Bacteroidetes;Bacteroidia;Flavobacteriales;Flavobacteriaceae;Arenibacter;uncultured bacterium
81d31e437f4cc82b4a180068e0819974;3;0;0;0;3;2;1;5;3;0;Bacteria;Proteobacteria;Gammaproteobacteria;Gammaproteobacteria Incertae Sedis;Unknown Family;uncultured;uncultured bacterium
bf58dfcbd5e8d3890d47e87e71a187f2;3;0;0;0;0;0;0;0;1;0;Bacteria;Acidobacteria;Thermoanaerobaculia;Thermoanaerobaculales;Thermoanaerobaculaceae;Subgroup 10;
cf7372e11c84204c8efaa14b4f1459e2;3;0;0;1;1;0;3;1;0;0;Bacteria;Proteobacteria;Deltaproteobacteria;Desulfobacterales;Desulfobulbaceae;;
dddf9fb39d40a6005132399934f2d198;3;0;0;2;0;2;0;0;0;0;Bacteria;Acidobacteria;Thermoanaerobaculia;Thermoanaerobaculales;Thermoanaerobaculaceae;Subgroup 10;
f705c8b4c5fbdda48aecf09a958a9a0f;3;0;0;2;1;2;3;0;0;0;Bacteria;Proteobacteria;;;;;
01ce3131a03c5a866dabb1e587965f8d;2;2;0;0;2;1;0;1;1;0;Bacteria;Bacteroidetes;Bacteroidia;Flavobacteriales;Flavobacteriaceae;Hoppeia;uncultured bacterium
031c8431aae2272ca1c221155e5d2ee0;2;0;0;3;0;0;0;0;0;0;Bacteria;Bacteroidetes;Bacteroidia;Flavobacteriales;Flavobacteriaceae;Gramella;
20c9ad150843829f232ddcd117921dd4;2;2;0;0;0;2;1;0;0;0;Bacteria;Proteobacteria;Alphaproteobacteria;Rhodobacterales;Rhodobacteraceae;Sulfitobacter;
2936d316976d4ad5e963f91cd7e7fd65;2;0;0;1;0;1;0;0;0;0;Bacteria;Proteobacteria;Gammaproteobacteria;Alteromonadales;Shewanellaceae;Shewanella;Shewanella frigidimarina
37d600efe5c028c566df62d3f6c28239;2;0;0;0;0;0;0;0;0;0;Bacteria;Bacteroidetes;Bacteroidia;Flavobacteriales;Flavobacteriaceae;Arenibacter;Arenibacter sp.
3afd787ff10d7fe178e8cefb1d3d576b;2;0;0;1;0;1;0;1;0;1;Bacteria;Proteobacteria;Gammaproteobacteria;Betaproteobacteriales;Burkholderiaceae;;
3c38c399a25bef10622dccaa398a856e;2;0;0;3;0;0;0;0;0;0;Bacteria;Bacteroidetes;Bacteroidia;Chitinophagales;Chitinophagaceae;Ferruginibacter;
43082f17cdb98dc1e339dc6e1c8251e7;2;2;0;1;2;0;0;0;0;2;Bacteria;Proteobacteria;Alphaproteobacteria;Rhodobacterales;Rhodobacteraceae;;
55032267198b6c94c717310e32aaa1ac;2;0;0;0;0;0;0;0;0;0;Bacteria;Bacteroidetes;Bacteroidia;Flavobacteriales;Flavobacteriaceae;;
6ae5b7c45d21736299dc616cfc6abbc2;2;11;3;5;3;8;3;6;2;3;Bacteria;Bacteroidetes;Bacteroidia;Flavobacteriales;Flavobacteriaceae;Gillisia;uncultured bacterium
7e586b2823b776f2a98ababfd3c39aaa;2;2;0;2;0;0;0;0;0;0;Bacteria;Proteobacteria;Alphaproteobacteria;Rhodobacterales;Rhodobacteraceae;;
93cb84a37754c3f9acca50d14a5897ae;2;0;0;0;0;0;0;0;0;0;Bacteria;Proteobacteria;Gammaproteobacteria;Steroidobacterales;Woeseiaceae;Woeseia;
9a7052aad82bde36bdc0a77d22ff5677;2;0;0;0;0;0;0;0;0;0;Bacteria;Proteobacteria;Alphaproteobacteria;Acetobacterales;Acetobacteraceae;Acetobacter;
a08a0957134b9462728caf9e3a7a306f;2;0;0;0;0;0;0;0;0;0;Bacteria;Proteobacteria;Alphaproteobacteria;Acetobacterales;Acetobacteraceae;Acetobacter;
a4c892ce35a63a82bc8024cdc2bbf415;2;3;0;0;0;0;0;0;0;0;Bacteria;Proteobacteria;Gammaproteobacteria;Pseudomonadales;Pseudomonadaceae;Pseudomonas;
ac0f825af2757c6964352f707975e82e;2;0;0;0;0;0;0;0;0;0;Bacteria;Proteobacteria;Gammaproteobacteria;Oceanospirillales;Nitrincolaceae;Marinobacterium;
ae670e5a65579e448f59f918beb80056;2;0;0;0;0;3;3;0;1;0;Bacteria;Bacteroidetes;Bacteroidia;Flavobacteriales;Flavobacteriaceae;uncultured bacterium;uncultured bacterium
cc2ec8e00251d9bdd2f3fd639de91f08;2;0;0;0;0;0;0;0;0;0;Bacteria;Firmicutes;Clostridia;Clostridiales;Family XII;Fusibacter;uncultured Fusibacter sp.
d361db7e88478915f5b22535232d6700;2;0;0;0;0;0;0;0;0;0;Bacteria;Proteobacteria;Alphaproteobacteria;;;;
db36fdc9562839377adaa8ed2e715024;2;5;0;0;3;3;2;5;4;6;Bacteria;Acidobacteria;Thermoanaerobaculia;Thermoanaerobaculales;Thermoanaerobaculaceae;Subgroup 10;
dbc90cb0381e2d03327671a8b5e96ce0;2;2;0;2;0;2;0;3;3;3;Bacteria;Proteobacteria;Gammaproteobacteria;Oceanospirillales;Nitrincolaceae;Marinobacterium;uncultured bacterium
de56f58d1ef6b759842d69b6881d551a;2;0;0;0;0;0;0;0;0;0;Bacteria;Acidobacteria;Thermoanaerobaculia;Thermoanaerobaculales;Thermoanaerobaculaceae;Subgroup 10;uncultured bacterium
df1811edc969f6813b86d39736febd74;2;0;0;0;0;0;0;0;0;0;Bacteria;Proteobacteria;;;;;
e5d965453c82842938d4601c1c8e6563;2;0;0;0;0;0;0;0;1;0;Bacteria;Bacteroidetes;Bacteroidia;Flavobacteriales;Flavobacteriaceae;Flavobacterium;
f351e316ea7fba54f9705fa01c8f1c8d;2;0;0;2;1;1;0;0;2;0;Bacteria;Bacteroidetes;Bacteroidia;Cytophagales;Hymenobacteraceae;Pontibacter;uncultured bacterium
08f68ffb8a6be4964c3185201eac18ae;1;0;0;0;2;2;0;0;0;0;Bacteria;Proteobacteria;;;;;
1d4528b06716398ec71376e66b14caaa;1;0;0;2;0;0;0;0;0;0;Bacteria;Proteobacteria;Alphaproteobacteria;Rhodovibrionales;Kiloniellaceae;Limibacillus;uncultured bacterium
2efbf652f68f535f024a34178d28fbc8;1;9;0;3;2;6;4;2;3;4;Bacteria;Bacteroidetes;Bacteroidia;Chitinophagales;Chitinophagaceae;Terrimonas;uncultured bacterium
39fc07537761e99ef991253d75bf74b0;1;0;0;0;0;0;0;0;0;0;Bacteria;Proteobacteria;Alphaproteobacteria;Acetobacterales;Acetobacteraceae;Acetobacter;
46cd11e1d875e2c7eb744e3ebfcfece9;1;0;0;2;0;0;0;0;0;1;Bacteria;Proteobacteria;Alphaproteobacteria;Rhodobacterales;Rhodobacteraceae;;
501364d0f2ebee763ef4ac39c67da65c;1;0;0;0;0;0;0;1;1;0;Bacteria;Actinobacteria;Nitriliruptoria;Nitriliruptorales;Nitriliruptoraceae;uncultured bacterium;uncultured bacterium
5bff0e77c1f640ae91d117902d35ebfe;1;0;0;0;1;4;0;0;0;1;Bacteria;Proteobacteria;Gammaproteobacteria;Pseudomonadales;Pseudomonadaceae;Pseudomonas;
620a0865c3079d19f91e4b976c4fcf66;1;0;0;4;1;0;3;0;1;0;Bacteria;Bacteroidetes;Bacteroidia;Flavobacteriales;Flavobacteriaceae;Zeaxanthinibacter;uncultured bacterium
6549fc00b972173583389f54cb8c18ef;1;0;0;0;0;0;0;0;0;0;Bacteria;Bacteroidetes;Rhodothermia;Rhodothermales;Rhodothermaceae;uncultured;
75817f5b9eaf0fa8014f3111a1597c3a;1;0;0;0;0;0;0;0;0;0;Bacteria;Proteobacteria;Gammaproteobacteria;Nitrosococcales;Nitrosococcaceae;AqS1;uncultured bacterium
78b8323a42ae7a6c5104363bda8e8844;1;0;0;2;0;0;0;0;0;0;Bacteria;Proteobacteria;Alphaproteobacteria;Caulobacterales;Caulobacteraceae;Brevundimonas;uncultured bacterium
7f291134103370a91d587232091ba0e1;1;0;0;0;0;0;0;0;0;0;Bacteria;Proteobacteria;Alphaproteobacteria;Rhodobacterales;Rhodobacteraceae;Roseivivax;
84c6d26196c2d5526f276591a739ae12;1;0;0;0;0;0;0;0;0;0;Bacteria;Planctomycetes;Planctomycetacia;Pirellulales;Pirellulaceae;Rhodopirellula;
92c910fe2889eabffd8944b12ec58013;1;0;0;0;0;0;0;0;0;0;Bacteria;Planctomycetes;Planctomycetacia;Pirellulales;Pirellulaceae;Rhodopirellula;
94f1c681f8d3d6376a2efb0b46172525;1;0;0;0;0;0;0;0;0;0;Bacteria;Proteobacteria;Gammaproteobacteria;Xanthomonadales;Rhodanobacteraceae;uncultured;
975a7e292351acdabb2d21a8a0c254e7;1;0;0;2;0;1;3;1;0;2;Bacteria;Proteobacteria;Gammaproteobacteria;Betaproteobacteriales;Hydrogenophilaceae;Thiobacillus;
988086fa3da0e4d88f306fa89f2d9886;1;0;0;1;0;1;0;0;0;1;Bacteria;Bacteroidetes;Bacteroidia;Bacteroidales;Prolixibacteraceae;uncultured;
a0fcb189b9c0efd920c3c5d614afbde0;1;0;0;0;0;0;0;0;0;0;Bacteria;Proteobacteria;Alphaproteobacteria;Rhodobacterales;Rhodobacteraceae;;
aaa30732fcd433f661594c05051c8c7c;1;0;0;0;0;0;0;0;0;0;Bacteria;Proteobacteria;Gammaproteobacteria;Steroidobacterales;Woeseiaceae;Woeseia;uncultured gamma proteobacterium
ac33f0e69b71fc0a2a3bace8ced28a70;1;0;0;0;0;0;0;0;0;0;Bacteria;Proteobacteria;Alphaproteobacteria;Acetobacterales;Acetobacteraceae;Acetobacter;
be1d37de407b6e510d5ebc478e2f911f;1;0;0;0;0;0;1;0;0;0;Bacteria;Proteobacteria;Gammaproteobacteria;;;;
daf0305908e886f2819738d0c1d0ae30;1;2;0;0;0;0;1;1;0;2;Bacteria;Nitrospirae;Nitrospira;Nitrospirales;Nitrospiraceae;Nitrospira;
db52281c46081304a7aea1e2ae4acf13;1;0;0;1;0;0;2;0;3;0;Bacteria;Acidobacteria;Thermoanaerobaculia;Thermoanaerobaculales;Thermoanaerobaculaceae;Subgroup 10;
db754d75e7884d8decd6c69cffc859f7;1;0;0;0;0;0;0;0;0;0;Bacteria;Planctomycetes;Planctomycetacia;Pirellulales;Pirellulaceae;Blastopirellula;uncultured bacterium
e696766cf621b64d2549e35b3376fa4a;1;0;0;0;0;0;0;0;0;0;Bacteria;Proteobacteria;Alphaproteobacteria;Sphingomonadales;Sphingomonadaceae;;
efedd907074d1b2d92ad1ecafb25beca;1;0;0;0;0;1;0;0;0;0;Bacteria;Acidobacteria;Thermoanaerobaculia;Thermoanaerobaculales;Thermoanaerobaculaceae;Subgroup 10;
f52b625421ad48c1b4430541ac6a1bba;1;0;0;0;0;0;0;0;0;0;Bacteria;Proteobacteria;Gammaproteobacteria;Oceanospirillales;Nitrincolaceae;Marinobacterium;uncultured gamma proteobacterium
01ffa802642d8fa7496a17d7a7c56792;0;0;0;0;0;0;0;0;0;1;Bacteria;Proteobacteria;Gammaproteobacteria;Steroidobacterales;Woeseiaceae;Woeseia;
023ea59563e68cf232349f408605b207;0;0;0;0;0;0;0;0;0;1;Bacteria;Proteobacteria;Gammaproteobacteria;Oceanospirillales;Oleiphilaceae;Oleiphilus;uncultured bacterium
0322350f65a8735ae072c8168f6735f1;0;0;0;0;0;0;1;0;0;0;Bacteria;Proteobacteria;Gammaproteobacteria;Salinisphaerales;Salinisphaeraceae;Salinisphaera;uncultured bacterium
03a4d5482e54177b609a3e7df20cc9bd;0;0;0;0;0;0;0;1;2;0;Bacteria;Proteobacteria;Gammaproteobacteria;Oceanospirillales;Nitrincolaceae;Amphritea;uncultured bacterium
03e7af2a72ea9ba0bb89602b300aeb0b;0;0;0;0;0;0;0;0;0;1;Bacteria;Chloroflexi;KD4-96;uncultured bacterium;uncultured bacterium;uncultured bacterium;uncultured bacterium
047a7efdafe93f21140aa1c1e6668193;0;0;0;2;0;2;3;3;2;0;Bacteria;Bacteroidetes;Bacteroidia;Cytophagales;Cyclobacteriaceae;Algoriphagus;uncultured bacterium
060d20eca1609f0e649cdc078144c124;0;0;0;0;1;0;0;2;0;1;Bacteria;Proteobacteria;Alphaproteobacteria;Sphingomonadales;Sphingomonadaceae;;
06da8fd8f6311712e0a3fcdd72629481;0;0;0;0;0;1;0;0;0;0;Bacteria;Proteobacteria;Gammaproteobacteria;Pseudomonadales;Pseudomonadaceae;Pseudomonas;
07c4c52a6e13e39db7cf5a4f10393f29;0;2;0;0;0;0;0;0;0;0;Bacteria;Proteobacteria;Deltaproteobacteria;Desulfobacterales;Desulfobulbaceae;;
0a1bb1aa3ed480be3166ee954e99349c;0;0;0;0;0;0;2;0;0;0;Bacteria;Proteobacteria;Alphaproteobacteria;Acetobacterales;Acetobacteraceae;Acetobacter;uncultured bacterium
0b0b6d1a1603db3176ca142be039ecdd;0;0;0;0;0;0;1;0;0;0;Bacteria;Proteobacteria;Deltaproteobacteria;Desulfobacterales;Desulfobulbaceae;;
0b7f909041eea0332f70987ef23a8aa7;0;0;0;0;0;0;1;0;0;0;Bacteria;Proteobacteria;Alphaproteobacteria;Rhodobacterales;Rhodobacteraceae;Rubellimicrobium;uncultured bacterium
0c74f5ab62e504cec984a7a1fc4b67dc;0;0;0;0;2;0;0;0;2;0;Bacteria;Proteobacteria;Alphaproteobacteria;Acetobacterales;Acetobacteraceae;Roseomonas;
0cb352ba284e7c88c73e7a1febba64ad;0;0;0;0;0;2;0;0;0;0;Bacteria;Actinobacteria;Nitriliruptoria;Euzebyales;Euzebyaceae;Euzebya;uncultured bacterium
0e60195bf01b6f764fc065103f8af310;0;0;0;0;1;0;0;0;0;0;Bacteria;Proteobacteria;Alphaproteobacteria;Acetobacterales;Acetobacteraceae;Acetobacter;
10a7dd133894eb46d1260cfd944e0bba;0;0;0;5;0;0;0;0;0;0;Bacteria;Proteobacteria;Gammaproteobacteria;Betaproteobacteriales;Burkholderiaceae;;
112f99aabd9a8c7cb3e21af9f65ea016;0;0;0;0;0;0;0;1;0;0;Bacteria;Actinobacteria;Nitriliruptoria;Nitriliruptorales;Nitriliruptoraceae;uncultured bacterium;uncultured bacterium
122a33cd1bf22c3c7f6485420271cd0a;0;0;0;0;0;2;0;0;0;0;Bacteria;Bacteroidetes;Rhodothermia;Rhodothermales;Rhodothermaceae;Rubrivirga;
13370c4a6ca474f67da31d2814b8f55f;0;0;0;2;0;0;0;0;0;1;Bacteria;Proteobacteria;Gammaproteobacteria;Steroidobacterales;Woeseiaceae;Woeseia;
14746afaffba3e34300e82b6a0d73b9f;0;0;0;0;0;0;0;0;1;0;Bacteria;Proteobacteria;Gammaproteobacteria;Betaproteobacteriales;Burkholderiaceae;Leptothrix;uncultured bacterium
153017ea665e1c977454cc98c5c717be;0;0;0;0;0;0;0;2;0;0;Bacteria;Chloroflexi;Anaerolineae;Anaerolineales;Anaerolineaceae;uncultured;uncultured soil bacterium
1556e80b1eb881eb179265033db48b6a;0;0;0;0;0;1;0;0;0;0;Bacteria;Proteobacteria;Alphaproteobacteria;Rhodobacterales;Rhodobacteraceae;Sulfitobacter;
156af9e529e98eb0254bdcbbc52d5ca6;0;0;0;0;0;0;0;2;0;0;Bacteria;Proteobacteria;Alphaproteobacteria;Rhizobiales;Rhizobiaceae;Hoeflea;
1814bf349e968efe4883b495dff3886a;0;0;0;0;0;0;0;2;0;0;Bacteria;Planctomycetes;Planctomycetacia;Pirellulales;Pirellulaceae;Blastopirellula;uncultured planctomycete
182f25cbb9f901cff0a7bc475624d870;0;2;0;0;0;2;0;1;0;2;Bacteria;Proteobacteria;Gammaproteobacteria;Steroidobacterales;Woeseiaceae;Woeseia;
18322bc63e35866d97073d426088ade6;0;0;0;0;0;0;1;0;0;0;Bacteria;Proteobacteria;Gammaproteobacteria;CCM19a;uncultured bacterium;uncultured bacterium;uncultured bacterium
198b066e6bff0638998c5df1e7a5ca35;0;0;0;0;0;0;0;0;2;0;Bacteria;Proteobacteria;Alphaproteobacteria;Acetobacterales;Acetobacteraceae;Acetobacter;
19ca7f85a686ea3063186be1b3ca6531;0;0;0;0;0;0;0;0;0;1;Bacteria;Chloroflexi;Anaerolineae;Anaerolineales;Anaerolineaceae;uncultured;uncultured soil bacterium
1a41dc873603ac7116ec8a342d9646a9;0;0;0;0;0;0;0;0;0;1;Bacteria;Proteobacteria;Gammaproteobacteria;Gammaproteobacteria Incertae Sedis;Unknown Family;uncultured;uncultured bacterium
1bd8cbee4cda338e3be4d750e9a4ef50;0;0;0;0;0;2;1;0;0;0;Bacteria;Proteobacteria;Gammaproteobacteria;Oceanospirillales;Nitrincolaceae;Marinobacterium;
1cc214e5b15f0d9e22e06d3c0ffc18ef;0;0;0;0;0;0;1;0;0;0;Bacteria;Proteobacteria;Alphaproteobacteria;Acetobacterales;Acetobacteraceae;Acetobacter;uncultured bacterium
1d184da8d7fa2f34fb0bbedaa9979ac4;0;0;0;0;0;1;0;0;2;0;Bacteria;Proteobacteria;Deltaproteobacteria;Desulfuromonadales;Sva1033;uncultured bacterium;uncultured bacterium
1dfdb252e37600fa026a6654def30754;0;2;0;0;0;0;0;0;0;0;Bacteria;Proteobacteria;Alphaproteobacteria;Rhodobacterales;Rhodobacteraceae;;
1ea673b484920216653a929ee4e8d42a;0;0;0;0;0;0;0;0;0;1;Bacteria;Acidobacteria;Subgroup 22;uncultured bacterium;uncultured bacterium;uncultured bacterium;uncultured bacterium
203f98234e93763ffe8ea09966c2e404;0;0;0;2;0;0;0;0;0;0;Bacteria;Proteobacteria;Alphaproteobacteria;Rhodobacterales;Rhodobacteraceae;;
208cb7d8721fd143ba72748133d3e01c;0;2;0;0;0;0;0;0;0;0;Bacteria;Proteobacteria;Alphaproteobacteria;Sphingomonadales;Sphingomonadaceae;Erythrobacter;uncultured bacterium
209ed09f79ca491e68cffd128b950104;0;0;0;0;0;0;0;1;0;0;Bacteria;Proteobacteria;Alphaproteobacteria;Acetobacterales;Acetobacteraceae;Acetobacter;
216c8920a9bdbb2b51d3b42256e079f4;0;0;0;0;1;0;0;0;0;0;Bacteria;Proteobacteria;Gammaproteobacteria;Betaproteobacteriales;Nitrosomonadaceae;MND1;uncultured bacterium
22d6e76b6121804edbbc9d5d0d6bef30;0;0;0;0;0;0;0;1;0;0;Bacteria;Acidobacteria;Thermoanaerobaculia;Thermoanaerobaculales;Thermoanaerobaculaceae;Subgroup 10;uncultured Acidobacteriaceae bacterium
23e76824037593f01d23c141483fe91a;0;0;0;0;0;0;0;2;0;1;Bacteria;Proteobacteria;Gammaproteobacteria;Xanthomonadales;;;
23ea19b1d77474cf7409eda407c09ed8;0;0;0;0;1;0;0;0;0;0;Bacteria;Proteobacteria;Gammaproteobacteria;Oceanospirillales;Nitrincolaceae;Marinobacterium;
24043fca9930a9fa49b197b98b8a4e45;0;0;0;0;0;0;1;0;0;0;Bacteria;Proteobacteria;Alphaproteobacteria;Acetobacterales;Acetobacteraceae;Acetobacter;
24beae793bcaca6138259b034a6075bd;0;0;0;1;0;1;3;2;2;0;Bacteria;Proteobacteria;Alphaproteobacteria;Rhodobacterales;Rhodobacteraceae;;
255e79a5c3c8980b3f7f1d4756de8932;0;0;0;1;0;0;0;1;0;0;Bacteria;Proteobacteria;Gammaproteobacteria;;;;
256427c1cd855fcaa892d1125365807e;0;0;0;0;0;1;0;0;0;0;Bacteria;Actinobacteria;Acidimicrobiia;Actinomarinales;uncultured;;
2596ceff5fcf4c6e0808f0e2fb1d5ab6;0;0;0;0;0;0;0;0;0;2;Bacteria;Proteobacteria;Gammaproteobacteria;Cellvibrionales;Cellvibrionaceae;Cellvibrio;uncultured bacterium
27a2ee21c38a25043fa6f2e3e61bcd66;0;0;0;0;2;0;0;0;0;0;Bacteria;Proteobacteria;Alphaproteobacteria;Acetobacterales;Acetobacteraceae;Acetobacter;
27ea930befcafada9dea77c435870117;0;0;0;0;1;2;0;0;0;0;Bacteria;Actinobacteria;Acidimicrobiia;Microtrichales;uncultured;;
2bb3823fc980a875f9d73ffd273c1978;0;0;0;0;0;0;0;0;2;0;Bacteria;Proteobacteria;Deltaproteobacteria;Desulfobacterales;Desulfobulbaceae;;
2c9f2a419991f40b4a2f25f4a375feaf;0;3;0;0;0;0;0;0;3;0;Bacteria;Proteobacteria;Gammaproteobacteria;Betaproteobacteriales;Burkholderiaceae;;
2cc718737b9d8891030aca7d2ed700a9;0;0;0;0;1;0;0;0;0;0;Bacteria;Proteobacteria;Alphaproteobacteria;Acetobacterales;Acetobacteraceae;Acetobacter;
2d4efc7f50975c0ec919c26fa90bbae2;0;0;0;0;0;0;0;1;0;0;Bacteria;Proteobacteria;Alphaproteobacteria;Acetobacterales;Acetobacteraceae;Acetobacter;
2d834dae3b0ef91f24b7013c8dd1fd8d;0;0;0;0;0;0;0;1;0;0;Bacteria;Proteobacteria;Alphaproteobacteria;Acetobacterales;Acetobacteraceae;Acetobacter;uncultured bacterium
2ea77f1c9f118590b9b918c638a4195d;0;0;0;0;0;0;1;0;0;1;Bacteria;Bacteroidetes;Bacteroidia;Cytophagales;Microscillaceae;uncultured;uncultured bacterium
2eea49748f46f6722396721a78c8964b;0;0;0;1;0;0;1;0;0;0;Bacteria;Nitrospirae;Nitrospira;Nitrospirales;Nitrospiraceae;Nitrospira;uncultured Nitrospirae bacterium
2f04b95dfa503eb0f5a8b4c1808def0a;0;2;0;0;0;2;0;0;1;0;Bacteria;Proteobacteria;Alphaproteobacteria;Sphingomonadales;Sphingomonadaceae;Sphingomonas;
2f74e030eb793a3410a76cae66f5a707;0;0;0;0;0;0;0;2;0;0;Bacteria;Bacteroidetes;Bacteroidia;Flavobacteriales;Flavobacteriaceae;Flavobacterium;
2ff718f0f95ccf3ade26c39e068b51dc;0;3;0;0;2;1;0;3;3;0;Bacteria;Proteobacteria;Gammaproteobacteria;Xanthomonadales;Xanthomonadaceae;Arenimonas;uncultured bacterium
30336d40e9b96b0de14d01b61b4acb3d;0;0;0;0;0;0;2;0;0;0;Bacteria;Proteobacteria;Deltaproteobacteria;Desulfobacterales;Desulfobulbaceae;;
304ca66110be447daf8b527016d692c2;0;0;0;0;0;0;0;1;0;1;Bacteria;Proteobacteria;Gammaproteobacteria;Xanthomonadales;Rhodanobacteraceae;Aquimonas;uncultured bacterium
316459dac323e7e1fad3613764cb3fae;0;0;0;0;0;0;0;1;0;0;Bacteria;Proteobacteria;Gammaproteobacteria;Gammaproteobacteria Incertae Sedis;Unknown Family;uncultured;
31aae6affebe6bee0bfa3594459b2fda;0;0;0;0;1;0;0;0;0;0;Bacteria;Proteobacteria;Gammaproteobacteria;Gammaproteobacteria Incertae Sedis;Unknown Family;uncultured;
31e5fabcdbebbb2420e2eed6c15e2320;0;0;0;0;0;2;0;0;0;0;Bacteria;Proteobacteria;Alphaproteobacteria;Acetobacterales;Acetobacteraceae;Acetobacter;
321e6dafa27fe085fc60606bd2e61604;0;0;0;0;2;0;0;0;0;0;Bacteria;Proteobacteria;Gammaproteobacteria;Gammaproteobacteria Incertae Sedis;Unknown Family;uncultured;
3261e4262f1ac439dc56743926ef5b13;0;0;0;0;0;0;0;0;0;1;Bacteria;Planctomycetes;Phycisphaerae;Phycisphaerales;Phycisphaeraceae;uncultured;uncultured bacterium
327d95bae68b014f05214d531459109d;0;0;0;1;0;0;0;0;0;0;Bacteria;Proteobacteria;Alphaproteobacteria;Acetobacterales;Acetobacteraceae;Acetobacter;uncultured bacterium
331788906cf33977600df37bc6ec2b85;0;0;0;2;0;0;0;0;0;0;Bacteria;Proteobacteria;Gammaproteobacteria;Xanthomonadales;Xanthomonadaceae;;
34a37b3ac9ab6ac1e141deb32635029b;0;0;0;0;0;0;0;2;0;0;Bacteria;Proteobacteria;Alphaproteobacteria;Rhodobacterales;Rhodobacteraceae;uncultured;
354169de2235025f28237868ea74dee5;0;0;0;0;0;0;0;0;0;1;Bacteria;Proteobacteria;Alphaproteobacteria;Rhodobacterales;Rhodobacteraceae;;
362ea8f9fa630b9e1c9d3c82e660fac1;0;0;0;0;0;1;0;0;0;0;Bacteria;Proteobacteria;Alphaproteobacteria;Rhodobacterales;Rhodobacteraceae;;
3683e85b1b67f9045f3a55f65e8d7c7a;0;0;0;1;0;0;0;0;0;0;Bacteria;Proteobacteria;Alphaproteobacteria;Rhodobacterales;Rhodobacteraceae;;
36bf66095afdb6aaac2656fd2445b488;0;0;0;0;0;0;0;2;0;0;Bacteria;Proteobacteria;Gammaproteobacteria;Oceanospirillales;Nitrincolaceae;Marinobacterium;uncultured bacterium
36d41fd4eedbc377266cc53399254813;0;0;0;0;2;0;0;0;0;0;Bacteria;Proteobacteria;Alphaproteobacteria;Acetobacterales;Acetobacteraceae;Acetobacter;
376cbac42e43a97524ec1ba8a4329d2d;0;0;0;0;0;1;0;0;0;0;Bacteria;Proteobacteria;Alphaproteobacteria;uncultured;uncultured bacterium;uncultured bacterium;uncultured bacterium
37f79d82303f133502eb9d6d5a9137f6;0;0;0;1;0;0;0;0;0;0;Bacteria;Proteobacteria;Alphaproteobacteria;Rhizobiales;Rhizobiaceae;Mesorhizobium;
391abfe9b0438540cb485bc3ababd04b;0;0;0;1;0;0;1;0;0;1;Bacteria;Chloroflexi;Anaerolineae;Anaerolineales;Anaerolineaceae;uncultured;uncultured soil bacterium
3949f0269a0d96bbe19bffe5589e445a;0;0;0;4;2;2;2;0;1;0;Bacteria;Bacteroidetes;Bacteroidia;Cytophagales;Microscillaceae;uncultured;
396af7dd471f095e8140f85cc8f1d3e1;0;0;0;0;1;0;0;0;0;0;Bacteria;Proteobacteria;Gammaproteobacteria;Pseudomonadales;Pseudomonadaceae;Pseudomonas;
397febf4cfcb665f57a8b3428d2f5fe3;0;0;0;0;0;0;1;0;0;0;Bacteria;Acidobacteria;Holophagae;Subgroup 7;uncultured Acidobacteria bacterium;uncultured Acidobacteria bacterium;uncultured Acidobacteria bacterium
39edd9332662034a8dd4f273e6b6e082;0;0;0;0;0;0;1;0;0;0;Bacteria;Nitrospirae;Nitrospira;Nitrospirales;Nitrospiraceae;Nitrospira;uncultured bacterium
3a8ad6c8ba7bd3cfa1ba4a08008c30c9;0;0;0;0;0;0;0;0;0;1;Bacteria;Proteobacteria;Alphaproteobacteria;Acetobacterales;Acetobacteraceae;Acetobacter;
3aa043f142834c636af93b4353c691c5;0;0;0;0;0;0;2;0;0;0;Bacteria;Proteobacteria;Alphaproteobacteria;Acetobacterales;Acetobacteraceae;Acetobacter;
3aadf40f8dfc981049d7bd4c9c565670;0;0;0;0;0;0;0;0;2;0;Bacteria;Proteobacteria;Gammaproteobacteria;;;;
3ab8e122a60ee4c1c37169ba0b7eb9a2;0;2;0;0;0;0;0;0;0;0;Bacteria;Acidobacteria;Thermoanaerobaculia;Thermoanaerobaculales;Thermoanaerobaculaceae;Subgroup 10;uncultured bacterium
3b1632a7a8aeb01f47922ced1949b182;0;0;0;0;0;0;0;2;0;0;Bacteria;Proteobacteria;Gammaproteobacteria;PLTA13;uncultured bacterium;uncultured bacterium;uncultured bacterium
3bc5a00e205c66bd0171c430cc3199f3;0;2;0;0;0;0;0;0;0;0;Bacteria;Bacteroidetes;Bacteroidia;Flavobacteriales;Flavobacteriaceae;Flavobacterium;
3bd178382fe2821aa4b0e6e553f50ebd;0;0;0;0;0;0;2;0;0;0;Bacteria;Proteobacteria;Gammaproteobacteria;Betaproteobacteriales;Burkholderiaceae;Rhizobacter;
3d6790341e72bb1f77a5f6dfed1e12f4;0;0;0;0;0;0;1;0;0;0;Bacteria;Verrucomicrobia;Verrucomicrobiae;Verrucomicrobiales;Rubritaleaceae;Luteolibacter;uncultured bacterium
3e53dd9cc862ecfb2378b642bef09d68;0;0;0;1;0;0;0;0;0;0;Bacteria;Proteobacteria;Alphaproteobacteria;Rhodobacterales;Rhodobacteraceae;Sulfitobacter;uncultured marine bacterium
3f47db26aec287ee597c23f9ee9f0187;0;2;0;0;0;2;0;0;0;1;Bacteria;Proteobacteria;Alphaproteobacteria;Sphingomonadales;Sphingomonadaceae;Sphingorhabdus;
3fda856940e4291d32b74427d858fabb;0;0;0;1;0;0;0;0;0;0;Bacteria;Proteobacteria;Gammaproteobacteria;Oceanospirillales;Nitrincolaceae;Marinobacterium;
40bd0c7116b94795b805f8400642b666;0;0;0;0;0;0;0;0;0;1;Bacteria;Proteobacteria;Gammaproteobacteria;Alteromonadales;Colwelliaceae;Colwellia;
42bd58f075dfecdbd7dd863076958c5a;0;0;0;0;0;0;0;0;0;2;Bacteria;Proteobacteria;Alphaproteobacteria;Acetobacterales;Acetobacteraceae;Acetobacter;uncultured bacterium
43f81a33e558d5b4938102fbebdb7e36;0;0;0;0;0;0;0;0;0;1;Bacteria;Proteobacteria;Gammaproteobacteria;Betaproteobacteriales;Burkholderiaceae;Leptothrix;uncultured bacterium
4441d02d5bbb3ea3eed1d1cea3b0df02;0;0;0;2;0;0;0;0;0;0;Bacteria;Proteobacteria;Alphaproteobacteria;Rhodobacterales;Rhodobacteraceae;uncultured;
45337c78dfd62f17b1b40b5f72c005b8;0;0;0;1;0;0;0;0;0;0;Bacteria;Proteobacteria;Alphaproteobacteria;Sphingomonadales;Sphingomonadaceae;;
45c087f09352bb29f3d7259fa2f51423;0;0;0;0;0;3;2;1;1;2;Bacteria;Actinobacteria;Acidimicrobiia;Microtrichales;Ilumatobacteraceae;Ilumatobacter;uncultured bacterium
45d862f3ef55c6b3ad908f53d8dad1b2;0;0;0;0;0;0;0;0;1;0;Bacteria;Proteobacteria;Gammaproteobacteria;Betaproteobacteriales;Burkholderiaceae;;
48aaa9c1069ec468c7ee708774b34a59;0;0;0;2;0;0;0;0;0;0;Bacteria;Proteobacteria;Gammaproteobacteria;Arenicellales;Arenicellaceae;Arenicella;uncultured bacterium
48b34393e9bb798d8fa9f07f5338cf42;0;0;0;0;0;0;0;1;0;0;Bacteria;Proteobacteria;Deltaproteobacteria;Desulfuromonadales;Sva1033;uncultured bacterium;uncultured bacterium
48c59ac512f855857c6833ccca4f20e0;0;0;0;0;0;0;0;0;0;2;Bacteria;Proteobacteria;Gammaproteobacteria;Pseudomonadales;Pseudomonadaceae;Pseudomonas;
4b11cc00c038e999735de82181190355;0;0;0;0;0;0;1;0;0;0;Bacteria;Proteobacteria;Alphaproteobacteria;Rhodobacterales;Rhodobacteraceae;Marivita;uncultured bacterium
4b2663f5a18dc2ef87abe7f776198af2;0;0;0;0;0;0;1;0;0;0;Bacteria;Proteobacteria;Alphaproteobacteria;Acetobacterales;Acetobacteraceae;Acetobacter;
4bed4d4e4b0d29348a16799ce4fb8d56;0;0;0;0;0;0;2;0;0;0;Bacteria;Proteobacteria;Gammaproteobacteria;Orbales;Orbaceae;Gilliamella;Gilliamella apicola
4d1a20e6f9886dce7abe029ab3ebf83f;0;0;0;0;1;2;0;2;0;0;Bacteria;Proteobacteria;Alphaproteobacteria;Sphingomonadales;Sphingomonadaceae;;
4d47bceff19a5cd3c794fb36eea8337f;0;0;0;0;0;1;0;0;0;0;Bacteria;Proteobacteria;Alphaproteobacteria;Tistrellales;Geminicoccaceae;Candidatus Alysiosphaera;
4dff2276a7315a1f5937f44dbd598e51;0;0;0;0;0;0;0;0;1;0;Bacteria;Bacteroidetes;Bacteroidia;Flavobacteriales;Flavobacteriaceae;;
4e1b84fcc58ed8393f034cdc210d922b;0;0;0;0;0;0;0;0;0;1;Bacteria;;;;;;
4f941361fdfb1afbc55bd3f764ad0173;0;0;0;0;0;0;0;0;1;0;Bacteria;Proteobacteria;Gammaproteobacteria;Pseudomonadales;Moraxellaceae;Psychrobacter;uncultured Psychrobacter sp.
4fc1e042148cf0216558d99ce14295be;0;0;0;2;0;0;0;0;0;0;Bacteria;Bacteroidetes;Bacteroidia;Flavobacteriales;Flavobacteriaceae;;
5022572a354867c17d783b1c522f307f;0;0;0;0;0;2;0;1;0;0;Bacteria;Bacteroidetes;Bacteroidia;Chitinophagales;Chitinophagaceae;;
5045aeb6b118d298a813749a0644167a;0;0;0;0;0;0;0;2;0;0;Bacteria;Acidobacteria;Thermoanaerobaculia;Thermoanaerobaculales;Thermoanaerobaculaceae;Subgroup 10;
5128eeb5b78852be73c1920ee1e416c0;0;0;0;0;0;1;0;0;0;0;Bacteria;Proteobacteria;Alphaproteobacteria;Acetobacterales;Acetobacteraceae;Acetobacter;
514470b130d20f71577056cf4e40b1be;0;0;0;0;0;0;2;0;0;0;Bacteria;Proteobacteria;Gammaproteobacteria;Alteromonadales;Pseudoalteromonadaceae;Pseudoalteromonas;
52214e5b0916bd9125e138edd6cbd7a2;0;0;0;0;0;0;0;2;0;0;Bacteria;Bacteroidetes;Bacteroidia;Flavobacteriales;Flavobacteriaceae;;
52c522ed7372dd869374dfadc201ae4e;0;0;0;0;0;0;0;0;1;0;Bacteria;Latescibacteria;uncultured bacterium;uncultured bacterium;uncultured bacterium;uncultured bacterium;uncultured bacterium
534638404d7171f531f4b4b5541dca4a;0;0;0;0;0;0;1;0;0;0;Bacteria;Acidobacteria;Thermoanaerobaculia;Thermoanaerobaculales;Thermoanaerobaculaceae;Subgroup 10;uncultured bacterium
54262a0c9b16e51da51ef726b8895b82;0;3;0;0;0;0;1;0;0;0;Bacteria;Bacteroidetes;Bacteroidia;Flavobacteriales;Flavobacteriaceae;;
54cdff8b596cb5742f617669fb988999;0;0;0;0;0;2;0;1;0;0;Bacteria;Chloroflexi;Anaerolineae;SBR1031;A4b;uncultured organism;uncultured organism
557c2e43db598e67fb4ec673696dceb3;0;0;0;0;0;0;0;0;0;2;Bacteria;WPS-2;uncultured bacterium;uncultured bacterium;uncultured bacterium;uncultured bacterium;uncultured bacterium
55922dfcc42aa3d9d3514dd9330f08f8;0;0;0;1;0;0;0;0;0;0;Bacteria;Proteobacteria;Alphaproteobacteria;Acetobacterales;Acetobacteraceae;Acetobacter;
57f254f1da2d214fc9f5938150ea6289;0;0;0;0;0;0;0;0;2;0;Bacteria;Proteobacteria;Gammaproteobacteria;Salinisphaerales;Salinisphaeraceae;Salinisphaera;uncultured bacterium
58622e8a3678db298a447d0f2af4d455;0;0;0;0;0;1;0;0;0;0;Bacteria;Bacteroidetes;Bacteroidia;Flavobacteriales;Flavobacteriaceae;;
58ad1147d6a5081b4876e0e801f609dc;0;0;0;2;0;0;0;0;0;0;Bacteria;Proteobacteria;Alphaproteobacteria;Acetobacterales;Acetobacteraceae;Acetobacter;
58eb5f3ab16808a514aa5cd8f8ef42b5;0;2;0;1;0;0;0;0;0;0;Bacteria;Bacteroidetes;Bacteroidia;Chitinophagales;Chitinophagaceae;;
59499fd5d0926056be8d1c94580e55d6;0;0;0;2;0;0;0;0;0;0;Bacteria;Proteobacteria;Alphaproteobacteria;Rhodobacterales;Rhodobacteraceae;Loktanella;uncultured bacterium
59b6dad89dfd52bd7382a1608f62f80a;0;0;0;0;0;0;1;0;0;0;Bacteria;Bacteroidetes;Bacteroidia;Flavobacteriales;Flavobacteriaceae;Hoppeia;uncultured bacterium
5a586869c620603b3eebca5515fa8d30;0;0;0;0;0;1;1;0;0;1;Bacteria;Proteobacteria;Gammaproteobacteria;Salinisphaerales;Salinisphaeraceae;Salinisphaera;uncultured bacterium
5ad4165e496bf69231e15a076175b82b;0;0;0;0;0;0;0;1;0;0;Bacteria;Proteobacteria;Gammaproteobacteria;Alteromonadales;Marinobacteraceae;Marinobacter;
5afd356f70e0d1a0922068325c4b52a3;0;0;0;0;0;1;0;0;0;0;Bacteria;Proteobacteria;Gammaproteobacteria;Pseudomonadales;Pseudomonadaceae;Pseudomonas;
5c7eadeab2d49d8c20ff292d834f13ca;0;0;0;2;0;0;0;0;1;0;Bacteria;Proteobacteria;Alphaproteobacteria;Rhodobacterales;Rhodobacteraceae;;
5d54ac173d4ba5a036824e22999b1f33;0;2;0;0;0;0;0;0;0;0;Bacteria;Acidobacteria;Thermoanaerobaculia;Thermoanaerobaculales;Thermoanaerobaculaceae;Subgroup 10;uncultured Acidobacteria bacterium
5d9f4d4e69ca406c07b95343f1269fb3;0;0;0;1;0;0;0;3;0;1;Bacteria;Acidobacteria;Thermoanaerobaculia;Thermoanaerobaculales;Thermoanaerobaculaceae;Subgroup 10;uncultured Acidobacteria bacterium
5e8d0bd1834ebd6443075edc4b3ca49b;0;0;0;0;0;2;0;0;0;0;Bacteria;Acidobacteria;Thermoanaerobaculia;Thermoanaerobaculales;Thermoanaerobaculaceae;Subgroup 10;uncultured Acidobacteriaceae bacterium
60b7fc62e015afccec7967390768b802;0;0;0;2;0;0;0;0;0;0;Bacteria;Proteobacteria;Deltaproteobacteria;Desulfuromonadales;Sva1033;uncultured bacterium;uncultured bacterium
61d2e5a4f4aba9aa7353bd240c2e6401;0;0;0;0;1;0;0;0;0;0;Bacteria;Proteobacteria;Alphaproteobacteria;Rhizobiales;Hyphomicrobiaceae;Hyphomicrobium;uncultured bacterium
61f0d32f949a667394c5f4c44a6ff882;0;0;0;0;1;0;0;0;0;0;Bacteria;Planctomycetes;Planctomycetacia;Pirellulales;Pirellulaceae;;
623b54cdd038d8b690cdad92dfca5ff0;0;0;0;0;0;0;0;1;0;0;Bacteria;Proteobacteria;Gammaproteobacteria;Betaproteobacteriales;Burkholderiaceae;;
643d416fe8d178de6bdf971f2146d996;0;0;0;0;0;0;1;0;0;0;Bacteria;Actinobacteria;Nitriliruptoria;Nitriliruptorales;Nitriliruptoraceae;uncultured bacterium;uncultured bacterium
6525b69cfc06bd4aadc5dde64be071b0;0;0;0;0;0;0;0;1;2;0;Bacteria;Proteobacteria;Gammaproteobacteria;Betaproteobacteriales;Rhodocyclaceae;Thauera;uncultured bacterium
653a3ec0ebdb954fa8ebc265c76e67b6;0;0;0;0;0;0;0;0;0;1;Bacteria;Proteobacteria;Gammaproteobacteria;Oceanospirillales;Nitrincolaceae;Marinobacterium;
66061f2041f4339c42ddeade34b99d6c;0;3;0;0;0;0;0;0;0;0;Bacteria;Firmicutes;Clostridia;Clostridiales;Family XI;Gottschalkia;uncultured bacterium
671a7414c1ea89104755a1c2d4461bce;0;0;0;0;0;0;0;0;0;2;Bacteria;Proteobacteria;Deltaproteobacteria;Desulfarculales;Desulfarculaceae;uncultured;
67888422d6178c8c02e02d8433333b6b;0;0;0;0;0;0;0;1;0;0;Bacteria;Bacteroidetes;Bacteroidia;Chitinophagales;Saprospiraceae;uncultured;uncultured bacterium
67fae983003e1cd854eb25ffea30548a;0;0;0;0;0;0;0;9;19;0;Bacteria;Firmicutes;Bacilli;Lactobacillales;Lactobacillaceae;Lactobacillus;
69fc31117fe2c5980e5ec648475b7917;0;0;0;0;0;0;0;0;1;0;Bacteria;Bacteroidetes;Ignavibacteria;Kryptoniales;BSV26;uncultured Chlorobi bacterium;uncultured Chlorobi bacterium
6b543ca679e97965a083efe1daf887b2;0;0;0;0;0;0;0;0;0;2;Bacteria;Acidobacteria;Holophagae;Subgroup 7;uncultured Acidobacteria bacterium;uncultured Acidobacteria bacterium;uncultured Acidobacteria bacterium
6e32c78383b65d830f24931fb9c57516;0;0;0;1;0;0;0;0;0;0;Bacteria;Planctomycetes;Planctomycetacia;Isosphaerales;Isosphaeraceae;uncultured;uncultured bacterium
6e3f653242c99744015d9574d1f393a2;0;0;0;0;0;0;0;0;0;1;Bacteria;Acidobacteria;Thermoanaerobaculia;Thermoanaerobaculales;Thermoanaerobaculaceae;Subgroup 10;uncultured Acidobacteria bacterium
6e4177114e38066ff98effc9ad7de156;0;0;0;0;0;0;0;0;0;1;Bacteria;Proteobacteria;;;;;
6eb5c69220e08098b0584957e7c1420b;0;0;0;0;0;0;0;1;0;0;Bacteria;Proteobacteria;Alphaproteobacteria;Rhodobacterales;Rhodobacteraceae;Sulfitobacter;
7081f3e98d988effa211356c350a07ac;0;0;0;0;0;3;0;1;1;0;Bacteria;Proteobacteria;Gammaproteobacteria;Betaproteobacteriales;Burkholderiaceae;Hydrogenophaga;uncultured bacterium
708a2581be99ee440c805e3a4fd789af;0;0;0;1;0;0;0;0;0;0;Bacteria;Proteobacteria;Gammaproteobacteria;Alteromonadales;Shewanellaceae;Shewanella;uncultured bacterium
709e7c65d291febac1055fa8ce0c45ff;0;0;0;1;0;0;0;0;0;0;Bacteria;Bacteroidetes;Bacteroidia;Chitinophagales;Saprospiraceae;uncultured;uncultured bacterium
70d564729170d84e8eb01b8f6c9b352a;0;0;0;1;0;0;0;1;0;0;Bacteria;Bacteroidetes;Bacteroidia;Flavobacteriales;Flavobacteriaceae;Flavobacterium;
711310892c4b79a6fbe585e4cc104975;0;0;0;0;0;0;0;0;3;0;Bacteria;Actinobacteria;Acidimicrobiia;Microtrichales;Ilumatobacteraceae;Ilumatobacter;uncultured bacterium
7180ecc4da53646fee521bfdaf5f863f;0;0;0;0;0;0;2;0;0;0;Bacteria;Bacteroidetes;Bacteroidia;Flavobacteriales;Flavobacteriaceae;Hoppeia;uncultured bacterium
71a0c609eab4c26abab6857203b3d275;0;0;0;0;0;0;1;0;0;0;Bacteria;Proteobacteria;Alphaproteobacteria;Rhodobacterales;Rhodobacteraceae;;
72a8f6f52edc9e8631a10c05e105c1a9;0;0;0;0;0;0;0;0;0;1;Bacteria;Proteobacteria;Gammaproteobacteria;Betaproteobacteriales;Nitrosomonadaceae;MND1;
72ce64cdce80067ca14278865bd91a7b;0;0;0;0;1;0;2;0;0;0;Archaea;Thaumarchaeota;Nitrososphaeria;Nitrosopumilales;Nitrosopumilaceae;Candidatus Nitrosoarchaeum;uncultured archaeon
745ead1ab4abd6faaddeeff67aff6076;0;0;0;2;0;0;0;0;0;0;Bacteria;Bacteroidetes;Bacteroidia;Flavobacteriales;Crocinitomicaceae;Fluviicola;uncultured bacterium
751514083e840f3849153265da698393;0;0;0;0;0;0;0;0;2;1;Bacteria;Acidobacteria;Thermoanaerobaculia;Thermoanaerobaculales;Thermoanaerobaculaceae;Subgroup 10;
75754fecb46982b90bde35d2590f4d09;0;0;0;0;0;0;0;1;0;0;Bacteria;Verrucomicrobia;Verrucomicrobiae;Verrucomicrobiales;Rubritaleaceae;Luteolibacter;uncultured bacterium
7601d195073af4a3b3d03231b24c0dac;0;0;0;0;1;0;0;0;0;0;Bacteria;Proteobacteria;Gammaproteobacteria;Gammaproteobacteria Incertae Sedis;Unknown Family;uncultured;
76d1177cec15d16741df430312184df3;0;0;0;0;0;2;0;2;1;0;Bacteria;Acidobacteria;Thermoanaerobaculia;Thermoanaerobaculales;Thermoanaerobaculaceae;Subgroup 10;uncultured bacterium
77549c64eb35b2fd9e0fc5aefe76900f;0;0;0;0;0;1;0;0;0;0;Bacteria;;;;;;
77acdcbc9a08c7ac55fcdfbf5070767d;0;0;0;0;0;2;2;0;0;0;Bacteria;Proteobacteria;Gammaproteobacteria;Betaproteobacteriales;Burkholderiaceae;;
781e3addefd50b44ca881592b5f277fc;0;2;0;1;3;3;1;3;2;1;Bacteria;Proteobacteria;Alphaproteobacteria;Rhodobacterales;Rhodobacteraceae;Loktanella;uncultured bacterium
79ba0f4ae613ebc51f78a51d58ac8f96;0;9;18;0;0;628;0;176;0;0;Bacteria;Proteobacteria;Alphaproteobacteria;Acetobacterales;Acetobacteraceae;Acetobacter;uncultured bacterium
79efb85299c25bacfa9821b0c84e1716;0;2;0;0;0;0;0;0;0;0;Bacteria;Proteobacteria;Gammaproteobacteria;Orbales;Orbaceae;Gilliamella;Gilliamella apicola
79fce8aa52fd7aaa26a62bb93fccb319;0;0;0;0;0;0;1;0;0;0;Bacteria;Verrucomicrobia;Verrucomicrobiae;Verrucomicrobiales;Rubritaleaceae;Luteolibacter;uncultured bacterium
7a6934e8e81e078f91ac4c0f5a5345f1;0;0;0;0;0;0;0;1;0;0;Bacteria;Proteobacteria;Alphaproteobacteria;Sphingomonadales;Sphingomonadaceae;Novosphingobium;
7c4564ebe79b03772929d31dc07d7660;0;2;0;0;0;0;0;0;0;0;Bacteria;Chloroflexi;Anaerolineae;SBR1031;A4b;OLB13;uncultured bacterium
7d358cd1bf24126ab72aed14f1fffd28;0;0;0;2;0;0;0;0;0;0;Bacteria;Proteobacteria;Alphaproteobacteria;Acetobacterales;Acetobacteraceae;Acetobacter;
8179b452a620df35c7bb1ca451352f96;0;0;0;1;0;0;0;0;0;0;Bacteria;Proteobacteria;Gammaproteobacteria;Alteromonadales;Shewanellaceae;Shewanella;Shewanella frigidimarina
830a2eee1f968b2e8e638cdbe3b39e37;0;0;0;0;0;2;1;0;0;0;Bacteria;Proteobacteria;Alphaproteobacteria;Rhodobacterales;Rhodobacteraceae;;
848f52f2652bd01f1688bf5a34b84ea5;0;0;0;0;0;1;0;0;0;0;Bacteria;Proteobacteria;Alphaproteobacteria;Sphingomonadales;Sphingomonadaceae;Erythrobacter;uncultured bacterium
8534cb19faafacb07222d7ccf86298ea;0;0;0;0;0;0;0;0;0;1;Bacteria;Proteobacteria;Alphaproteobacteria;Acetobacterales;Acetobacteraceae;Acetobacter;
8564e2a3536bc3c24fb5f9f3324752a3;0;0;0;0;0;0;1;0;0;0;Bacteria;Bacteroidetes;Bacteroidia;Flavobacteriales;Flavobacteriaceae;Pricia;uncultured bacterium
86cd34151448445ac34660a647cdf0aa;0;0;55;0;0;0;0;0;0;0;Bacteria;Proteobacteria;Alphaproteobacteria;Acetobacterales;Acetobacteraceae;Acetobacter;uncultured bacterium
870f9085329f3095bd2ff6a7ddf9c356;0;0;0;1;2;0;0;2;0;0;Bacteria;Proteobacteria;Alphaproteobacteria;Rhodobacterales;Rhodobacteraceae;uncultured;
89753f40694563a472da39e090fcf828;0;0;0;0;0;0;0;0;0;1;Bacteria;Proteobacteria;Alphaproteobacteria;Sphingomonadales;Sphingomonadaceae;Porphyrobacter;uncultured bacterium
8a940d625f348e825fa592d75a4b176f;0;0;0;0;1;0;0;0;0;0;Bacteria;Proteobacteria;Gammaproteobacteria;BD7-8;;;
8cc7b40b282a350a15b264b5a7105710;0;0;0;0;0;0;0;0;2;0;Bacteria;Proteobacteria;Alphaproteobacteria;Acetobacterales;Acetobacteraceae;Acetobacter;
8d5b64dbeb866fed3dceddccbc0ca2ed;0;0;0;2;0;1;0;0;0;0;Bacteria;Proteobacteria;Alphaproteobacteria;Rhodobacterales;Rhodobacteraceae;Loktanella;uncultured bacterium
8dbc399e73579f788e3794f819f7c1b6;0;0;0;0;0;1;0;0;0;0;Bacteria;Proteobacteria;Alphaproteobacteria;Acetobacterales;Acetobacteraceae;Acetobacter;
8fd98c7bbb8dc87a64ded163bef078e7;0;0;0;1;1;0;0;0;0;0;Bacteria;Proteobacteria;Gammaproteobacteria;Gammaproteobacteria Incertae Sedis;Unknown Family;uncultured;uncultured bacterium
9000aeab838f9c7b9354ba48d809e8a9;0;0;0;0;0;1;0;0;0;0;Bacteria;Actinobacteria;Acidimicrobiia;Actinomarinales;uncultured;uncultured bacterium;uncultured bacterium
932ae0a693e528ef97578b7a9004a626;0;2;0;0;0;2;0;0;1;2;Bacteria;Proteobacteria;Gammaproteobacteria;Aeromonadales;Aeromonadaceae;Oceanisphaera;uncultured bacterium
956fabac047558dc0dec857f3dd7dba7;0;2;0;0;1;0;0;0;0;0;Bacteria;Proteobacteria;Gammaproteobacteria;Oceanospirillales;Marinomonadaceae;Marinomonas;uncultured bacterium
957a06618340e8a32c37f0b91d9a0b79;0;2;0;1;0;0;0;0;1;1;Bacteria;Proteobacteria;Gammaproteobacteria;Alteromonadales;Psychromonadaceae;Psychromonas;uncultured bacterium
95a0320608a67b11ec12ad5f2b60266c;0;0;0;0;0;0;0;0;1;2;Bacteria;Bacteroidetes;Bacteroidia;Bacteroidales;Prolixibacteraceae;WCHB1-32;uncultured bacterium
96d460bd1b366fda6efd60f8797440e6;0;0;0;0;2;0;0;0;0;0;Bacteria;Actinobacteria;Acidimicrobiia;Actinomarinales;uncultured;uncultured bacterium;uncultured bacterium
988c76e0a8b2596e81e901df25e17933;0;0;0;2;0;2;0;1;0;0;Bacteria;Proteobacteria;Gammaproteobacteria;Pseudomonadales;Pseudomonadaceae;Pseudomonas;
9923b50d21f598987faf74e5be91d9bd;0;0;0;0;0;2;0;0;0;0;Bacteria;Gemmatimonadetes;PAUC43f marine benthic group;uncultured bacterium;uncultured bacterium;uncultured bacterium;uncultured bacterium
993933a4ebf52c59208a8932b1a626ce;0;0;0;0;0;1;1;0;0;1;Bacteria;Proteobacteria;Gammaproteobacteria;Alteromonadales;Colwelliaceae;Thalassotalea;uncultured bacterium
9a8f8f197f13afbb44e157b63f5b6897;0;0;0;4;0;0;0;1;3;2;Bacteria;Bacteroidetes;Bacteroidia;Chitinophagales;Chitinophagaceae;uncultured;
9aa15582ac89659a7ca398b8b85a12e3;0;0;0;0;2;0;0;0;0;0;Bacteria;Proteobacteria;Alphaproteobacteria;Sphingomonadales;Sphingomonadaceae;Novosphingobium;
9be402be6b67cdfc2db1d3e29fd0e668;0;2;0;0;0;0;0;0;0;0;Bacteria;Proteobacteria;Alphaproteobacteria;Acetobacterales;Acetobacteraceae;Acetobacter;
9e036fedba13b2dd65987bb4ac733b2f;0;0;0;0;0;0;0;0;1;0;Bacteria;Proteobacteria;Deltaproteobacteria;Desulfobacterales;Desulfobulbaceae;;
9e281dc2ebec297c01c21fa019457ead;0;0;0;0;0;0;0;0;0;1;Bacteria;Proteobacteria;Gammaproteobacteria;Steroidobacterales;Woeseiaceae;Woeseia;
9e9c07df8dcf9b0245b727d596bffb8b;0;0;0;0;0;0;0;0;1;1;Bacteria;Proteobacteria;Gammaproteobacteria;Betaproteobacteriales;Burkholderiaceae;Rhizobacter;
9f3cad845a01439fa1825fee6be0b866;0;0;0;0;0;0;0;1;0;0;Bacteria;Proteobacteria;Alphaproteobacteria;Acetobacterales;Acetobacteraceae;;
a04cc04add90ab9cbe93e1f304d05a32;0;0;0;0;0;0;0;1;0;0;Bacteria;Proteobacteria;Deltaproteobacteria;Desulfuromonadales;Sva1033;uncultured bacterium;uncultured bacterium
a156661abd823eebd42b6de3137bf3f2;0;0;0;0;0;1;0;0;0;0;Bacteria;Proteobacteria;Gammaproteobacteria;Betaproteobacteriales;Hydrogenophilaceae;Thiobacillus;
a1fe9ca783cdd80d5e93eedd71371785;0;0;0;1;0;0;0;0;0;0;Bacteria;Proteobacteria;Gammaproteobacteria;Betaproteobacteriales;Burkholderiaceae;Hydrogenophaga;uncultured bacterium
a2bb1f27a30dadeafcb77ef2b375ec30;0;0;0;0;0;0;2;0;0;0;Bacteria;Acidobacteria;Thermoanaerobaculia;Thermoanaerobaculales;Thermoanaerobaculaceae;Subgroup 10;uncultured Acidobacteria bacterium
a327ba2f89138b032faf06392e3c1045;0;0;0;0;1;1;0;0;2;0;Bacteria;Proteobacteria;Gammaproteobacteria;Xanthomonadales;Rhodanobacteraceae;uncultured;uncultured bacterium
a36427aba2f84eaec75fc40ed57c8dc1;0;0;0;0;0;0;0;0;3;0;Bacteria;Proteobacteria;Alphaproteobacteria;Acetobacterales;Acetobacteraceae;Acetobacter;
a3749f7062fd8e4937498643871410b6;0;0;0;0;0;2;0;0;0;0;Bacteria;Proteobacteria;Alphaproteobacteria;Rhodobacterales;Rhodobacteraceae;;
a58a41b0a113088301a1c17483ee9b51;0;0;0;0;0;0;0;0;1;0;Bacteria;Bacteroidetes;Bacteroidia;Flavobacteriales;Flavobacteriaceae;;
a5c8622fc603b529b0adfcb130db9776;0;0;0;0;0;1;0;0;0;0;Bacteria;Proteobacteria;Gammaproteobacteria;Betaproteobacteriales;Burkholderiaceae;;
a6a9139eb6e791e77fba3deb1fd93f39;0;0;0;0;0;0;0;0;0;1;Bacteria;Proteobacteria;Alphaproteobacteria;Rhodobacterales;Rhodobacteraceae;;
a7a440bf1b7d2a7e1450836226c417a4;0;0;0;1;0;1;0;0;3;0;Bacteria;Bacteroidetes;Bacteroidia;Bacteroidales;Prolixibacteraceae;uncultured;uncultured bacterium
a841a7912c794adc97826739f38284a3;0;0;0;2;1;0;0;0;0;1;Bacteria;Proteobacteria;Alphaproteobacteria;Rhodobacterales;Rhodobacteraceae;uncultured;uncultured organism
a85c56b3a20a9da20121b10b5aa533ee;0;0;0;1;0;0;0;0;0;0;Bacteria;Proteobacteria;Alphaproteobacteria;Rhodobacterales;Rhodobacteraceae;;
aa7c0d820ae102250ecbec40c655c01c;0;0;0;0;1;0;1;0;0;1;Bacteria;Proteobacteria;Gammaproteobacteria;Oceanospirillales;Nitrincolaceae;Marinobacterium;uncultured bacterium
ab2c008acc083e3a20e6139c5add2ccd;0;2;0;0;0;0;0;0;0;0;Bacteria;Proteobacteria;Alphaproteobacteria;Acetobacterales;Acetobacteraceae;Acetobacter;uncultured bacterium
ab45d0419c49fa8ff099845ba9a9070d;0;0;0;1;0;0;0;0;0;0;Bacteria;Proteobacteria;Deltaproteobacteria;Desulfobacterales;Desulfobulbaceae;;
ab5295b5ce93c8f731c4811ce4ffe361;0;0;0;0;0;0;0;0;0;2;Bacteria;Bacteroidetes;Bacteroidia;Flavobacteriales;Flavobacteriaceae;Flavobacterium;
ab5fa71c6b557adb770f7166d3c8f14e;0;0;0;0;0;0;2;0;0;0;Bacteria;Proteobacteria;Gammaproteobacteria;Alteromonadales;Shewanellaceae;Shewanella;uncultured bacterium
ab609a915d1a323306e9e49ecb5be713;0;0;0;0;0;1;0;0;0;0;Bacteria;Deinococcus-Thermus;Deinococci;Deinococcales;Trueperaceae;Truepera;uncultured bacterium
ab7690c195f58a29b62fe4916dca0944;0;0;0;2;0;0;0;0;0;0;Bacteria;Actinobacteria;Actinobacteria;Propionibacteriales;Nocardioidaceae;Nocardioides;
ac40de815998d18c1c3ba574bb47cfdd;0;0;0;0;0;0;0;0;1;0;Bacteria;Bacteroidetes;Ignavibacteria;Ignavibacteriales;Ignavibacteriaceae;Ignavibacterium;uncultured bacterium
ac6739ccecb49cca88147c303d84524b;0;0;0;0;0;0;0;0;2;0;Bacteria;Proteobacteria;Alphaproteobacteria;Acetobacterales;Acetobacteraceae;Acetobacter;
acc440a6a58dedb67b4767c0a020cbdb;0;0;0;0;1;0;0;0;0;0;Bacteria;Cyanobacteria;Oxyphotobacteria;Nostocales;Nostocaceae;Nodularia PCC-9350;Nodularia spumigena
aceb96d4025316b211c999a9b87ca325;0;0;0;0;1;0;0;0;0;0;Bacteria;Proteobacteria;Gammaproteobacteria;Xanthomonadales;Xanthomonadaceae;Arenimonas;
acff375801e9dda090bf00ddac2a9cee;0;0;0;0;0;0;1;0;0;0;Bacteria;Bacteroidetes;Bacteroidia;Chitinophagales;Saprospiraceae;uncultured;uncultured bacterium
adcbe05e27edc2312011c3f04af5acbb;0;0;0;0;1;0;0;0;0;0;Bacteria;Proteobacteria;Gammaproteobacteria;Gammaproteobacteria Incertae Sedis;Unknown Family;uncultured;uncultured bacterium
add2f25f1f34c799cf4980a6bde6bcad;0;0;0;0;1;0;0;0;0;0;Bacteria;Proteobacteria;Gammaproteobacteria;Pseudomonadales;Pseudomonadaceae;Pseudomonas;
aef3ab26bdd62fb5171e7a68978bf49e;0;0;0;0;0;1;0;0;0;0;Bacteria;Proteobacteria;Gammaproteobacteria;HOC36;uncultured bacterium;uncultured bacterium;uncultured bacterium
afa488cdf8ce8f852eb73aee079ba72d;0;0;0;0;0;1;0;0;0;0;Bacteria;Firmicutes;Clostridia;Clostridiales;Lachnospiraceae;uncultured;uncultured Firmicutes bacterium
b0487828319354e7365b71d15e338ccf;0;2;0;3;1;2;0;3;0;0;Bacteria;Proteobacteria;Gammaproteobacteria;Betaproteobacteriales;Rhodocyclaceae;Azoarcus;uncultured bacterium
b10cdffea025704259b14dc6c96be06b;0;0;0;1;0;0;0;0;0;0;Bacteria;Proteobacteria;Gammaproteobacteria;Betaproteobacteriales;Nitrosomonadaceae;Nitrosomonas;
b19b23b4171d9fcf4afdc2494277b7aa;0;0;0;0;0;0;0;2;0;0;Bacteria;Proteobacteria;Gammaproteobacteria;Salinisphaerales;Solimonadaceae;uncultured;uncultured bacterium
b2c18f918c0da35c7d66dd276ef097dd;0;0;0;0;0;2;0;0;0;0;Bacteria;Proteobacteria;Gammaproteobacteria;Alteromonadales;Shewanellaceae;Shewanella;Shewanella frigidimarina
b3f0b463246b9e79711dca919c12d75f;0;0;0;0;0;0;0;0;2;0;Archaea;Thaumarchaeota;Nitrososphaeria;Nitrosopumilales;Nitrosopumilaceae;Candidatus Nitrosopumilus;
b48baff5867e8622762e4c2d34dbaf18;0;0;0;3;2;0;0;1;1;0;Bacteria;Proteobacteria;Gammaproteobacteria;Gammaproteobacteria Incertae Sedis;Unknown Family;uncultured;uncultured bacterium
b51dcefdf163b05d0965d5eb8d2526b3;0;0;0;0;1;0;0;0;0;0;Bacteria;Proteobacteria;Gammaproteobacteria;Betaproteobacteriales;Burkholderiaceae;;
b5ab573a7c83d4d4b30cdb9892a50b71;0;3;0;0;0;0;0;0;0;0;Bacteria;Proteobacteria;Gammaproteobacteria;Orbales;Orbaceae;Gilliamella;Gilliamella apicola
b6a4685b60661dc253c3a6a1e6d83d04;0;2;0;0;0;0;0;0;0;0;Bacteria;Proteobacteria;Alphaproteobacteria;Rhodobacterales;Rhodobacteraceae;;
b6d36bf8fa1f1ac5a3a680999ac6fe88;0;0;0;0;1;0;0;0;0;0;Bacteria;Proteobacteria;Alphaproteobacteria;Rhodobacterales;Rhodobacteraceae;uncultured;
b6f5ccd61fe1e030f12b621da6265628;0;0;0;1;0;0;0;0;0;0;Bacteria;Proteobacteria;Alphaproteobacteria;Acetobacterales;Acetobacteraceae;Acetobacter;
b719818d68c82e71a7d99fb4796e5dcc;0;0;0;0;0;1;0;1;0;0;Bacteria;Proteobacteria;Gammaproteobacteria;Vibrionales;Vibrionaceae;Photobacterium;
b73252cafd8547163da9235721914d4f;0;0;0;0;0;0;0;0;0;2;Bacteria;Proteobacteria;Alphaproteobacteria;Acetobacterales;Acetobacteraceae;Acetobacter;
b8467483fe1411ff024844c81b1c9d34;0;0;0;0;0;1;0;0;0;0;Bacteria;Planctomycetes;Planctomycetacia;Pirellulales;Pirellulaceae;Rhodopirellula;
b9cbc6410d4cd68b2fb2a42c1bbcc63a;0;0;0;1;0;0;0;0;0;0;Bacteria;Proteobacteria;Gammaproteobacteria;Thiohalorhabdales;Thiohalorhabdaceae;Granulosicoccus;uncultured bacterium
ba0ea904c60b9a1300a5f7a6cb5c9820;0;0;0;0;0;0;0;0;2;0;Bacteria;Proteobacteria;Alphaproteobacteria;Acetobacterales;Acetobacteraceae;Acetobacter;
ba990899a411b82ba383827f04ad1172;0;2;0;0;1;0;0;0;0;0;Bacteria;Acidobacteria;Subgroup 22;uncultured bacterium;uncultured bacterium;uncultured bacterium;uncultured bacterium
bb6a8a65b161eee416021755a7ed0b33;0;0;0;0;1;0;0;0;1;0;Bacteria;Actinobacteria;Acidimicrobiia;Actinomarinales;uncultured;;
bbaafe9f044a610bcc7e3001822f225f;0;0;0;0;0;0;0;0;1;0;Bacteria;Proteobacteria;Gammaproteobacteria;Steroidobacterales;Woeseiaceae;Woeseia;
bbb3d248f6f2cb6b085ff26dca6a6e28;0;0;0;0;0;0;1;0;0;0;Bacteria;Proteobacteria;Gammaproteobacteria;Betaproteobacteriales;Burkholderiaceae;;
bbd9a279bbae1cd170a1f2b9018dbd30;0;2;0;0;0;0;0;0;0;0;Bacteria;Nitrospirae;Nitrospira;Nitrospirales;Nitrospiraceae;Nitrospira;uncultured Nitrospirae bacterium
bc07550125574c5103ee697c7190839a;0;0;0;0;0;0;0;0;0;1;Bacteria;Bacteroidetes;Bacteroidia;Flavobacteriales;Crocinitomicaceae;Crocinitomix;
bd1e1f1503f5b9ce75b6f8e3239a3da3;0;0;0;0;0;0;0;0;0;1;Bacteria;Proteobacteria;Alphaproteobacteria;Rhodobacterales;Rhodobacteraceae;;
be0908528017870ad6a0e2f22ec3ee68;0;0;0;0;0;0;0;1;0;0;Bacteria;Deinococcus-Thermus;Deinococci;Deinococcales;Trueperaceae;Truepera;uncultured bacterium
bf5c4adb2fb2fcb4152be23355f3cb00;0;0;0;0;0;0;0;1;0;0;Bacteria;Proteobacteria;Deltaproteobacteria;Desulfuromonadales;;;
bfab9958b29f6d133f99820342368586;0;0;0;0;0;2;0;0;0;0;Bacteria;Proteobacteria;Gammaproteobacteria;Salinisphaerales;Solimonadaceae;uncultured;uncultured bacterium
bfeda8048d72141d58b81a3d2ae82187;0;2;0;0;0;0;0;0;0;0;Bacteria;Proteobacteria;Gammaproteobacteria;Alteromonadales;Marinobacteraceae;Marinobacter;
c06c8b0cb2f96cc3b45dc420751dfb25;0;0;0;0;0;0;0;1;0;0;Bacteria;Proteobacteria;Alphaproteobacteria;Acetobacterales;Acetobacteraceae;Acetobacter;
c0f207d33e09103e48d7d09a451dab97;0;2;0;0;0;0;0;0;0;0;Bacteria;Proteobacteria;Gammaproteobacteria;Betaproteobacteriales;Burkholderiaceae;Hydrogenophaga;uncultured bacterium
c194f91e37933fc4db72e844b8557886;0;0;0;0;0;0;0;1;1;0;Bacteria;Firmicutes;Bacilli;Bacillales;Planococcaceae;Planomicrobium;uncultured bacterium
c3b998bf230f1e0ee72e146f117bd772;0;0;0;0;0;1;0;0;0;0;Bacteria;Proteobacteria;Alphaproteobacteria;Acetobacterales;Acetobacteraceae;Acetobacter;uncultured bacterium
c55c49d940d6d3216255038964e3429f;0;0;0;0;0;0;0;0;0;1;Bacteria;Acidobacteria;Thermoanaerobaculia;Thermoanaerobaculales;Thermoanaerobaculaceae;Subgroup 10;
c5779c6522b67dd031c3c995357378f4;0;0;0;1;1;0;0;0;2;1;Bacteria;Bacteroidetes;Bacteroidia;Flavobacteriales;Flavobacteriaceae;;
c633194c20c79d04ad230a013072a00a;0;0;0;0;0;2;0;0;0;0;Bacteria;Proteobacteria;Gammaproteobacteria;Betaproteobacteriales;Burkholderiaceae;;
c63e8df39dffd8ee41a773070b69bda5;0;0;0;0;0;0;2;0;0;0;Bacteria;Planctomycetes;Planctomycetacia;Pirellulales;Pirellulaceae;Blastopirellula;uncultured bacterium
c8c99c571e9caa3c624d0cfa7bda8a7e;0;0;0;0;0;0;0;0;0;1;Bacteria;Proteobacteria;Alphaproteobacteria;;;;
c955ad035a9baa3d655c84447c062da9;0;0;0;0;0;0;0;0;1;0;Bacteria;Proteobacteria;Alphaproteobacteria;Acetobacterales;Acetobacteraceae;Acetobacter;
ca2c3551ef6d3bdb399b323c3292213a;0;0;0;0;1;0;0;0;0;0;Bacteria;Proteobacteria;Deltaproteobacteria;Desulfuromonadales;Sva1033;uncultured bacterium;uncultured bacterium
ca7b1779fe22391c8209902e81d2c6a8;0;2;0;0;0;0;0;0;0;0;Bacteria;Bacteroidetes;Bacteroidia;Flavobacteriales;NS9 marine group;metagenome;metagenome
cb09e3bcc1f80e14a600f31b8c94ea0a;0;0;0;1;0;0;0;0;0;0;Bacteria;Proteobacteria;Alphaproteobacteria;Rhodobacterales;Rhodobacteraceae;;
cb3918022c3a942f69ed8281842c9883;0;0;0;0;0;0;0;0;0;1;Bacteria;Proteobacteria;Gammaproteobacteria;Steroidobacterales;Woeseiaceae;Woeseia;
cbc065a32a5508657cea13b6a9d8da54;0;0;0;0;0;0;0;0;0;1;Bacteria;Proteobacteria;Deltaproteobacteria;Bradymonadales;;;
cca9bcdbf44101e1c3f56e7d2fc38346;0;0;0;0;0;0;0;0;0;2;Bacteria;Proteobacteria;Alphaproteobacteria;Rhizobiales;KF-JG30-B3;uncultured bacterium;uncultured bacterium
cdccf29bdf8c8428cca032ebab8353b0;0;0;0;1;0;0;0;0;0;0;Bacteria;Proteobacteria;Gammaproteobacteria;Gammaproteobacteria Incertae Sedis;Unknown Family;uncultured;uncultured bacterium
cec6120ace6735f7c95d7534bdf33dc0;0;0;0;0;0;0;0;0;2;0;Bacteria;Proteobacteria;Gammaproteobacteria;Alteromonadales;Colwelliaceae;;
cf2eae12e000f7743b0fa12227db2ba4;0;2;0;2;0;2;1;0;0;2;Bacteria;Proteobacteria;Gammaproteobacteria;Betaproteobacteriales;Rhodocyclaceae;Thauera;uncultured bacterium
d04b4123ba23c486c29c3f3e057f1bb5;0;0;0;1;0;1;0;0;0;0;Bacteria;Proteobacteria;Alphaproteobacteria;Rhodobacterales;Rhodobacteraceae;;
d10d0161bf57b07bd06249494d73ac09;0;0;0;0;0;1;0;0;0;0;Bacteria;Proteobacteria;Gammaproteobacteria;Salinisphaerales;Salinisphaeraceae;Salinisphaera;uncultured bacterium
d297fb5e5c35261f90f05b5be7ced792;0;2;0;1;0;0;0;0;0;1;Bacteria;Proteobacteria;Gammaproteobacteria;Xanthomonadales;Xanthomonadaceae;Arenimonas;uncultured gamma proteobacterium
d29e9cad8c8c76413bea7a62f27c1ead;0;5;0;2;1;2;0;2;4;3;Bacteria;Proteobacteria;Gammaproteobacteria;Betaproteobacteriales;Burkholderiaceae;;
d35305831e0961e61677ff256a76d8e9;0;0;0;0;0;0;0;2;0;0;Bacteria;Proteobacteria;Alphaproteobacteria;Acetobacterales;Acetobacteraceae;Acetobacter;
d3a4d70b358f8459ecd0d261317ea6ef;0;0;0;0;0;0;0;0;0;1;Bacteria;Proteobacteria;Alphaproteobacteria;Acetobacterales;Acetobacteraceae;Acetobacter;
d45b818883d2fa661fb3f427f6c0e8c5;0;0;0;0;0;1;1;2;0;1;Bacteria;Proteobacteria;Gammaproteobacteria;Steroidobacterales;Woeseiaceae;Woeseia;
d478bd017b7c8bcc33b7f4b91d971b95;0;0;0;0;0;0;0;0;2;0;Bacteria;Proteobacteria;Gammaproteobacteria;Aeromonadales;Aeromonadaceae;Oceanisphaera;uncultured bacterium
d4a4487470b8dc8007f24c291e0a1565;0;0;0;1;0;1;0;0;0;0;Bacteria;Proteobacteria;Alphaproteobacteria;Sphingomonadales;Sphingomonadaceae;;
d55836b779b7f7cba37cb5cbf5b24404;0;0;0;0;0;1;0;0;0;0;Bacteria;Proteobacteria;Alphaproteobacteria;Acetobacterales;Acetobacteraceae;Acetobacter;
d5ecb0d356bf75e221cdc4b4aa85980d;0;2;0;0;0;0;0;0;0;0;Bacteria;Planctomycetes;OM190;uncultured microorganism;uncultured microorganism;uncultured microorganism;uncultured microorganism
d60b1c91e051641f6ea41f3931cae6ec;0;0;0;0;0;0;1;0;0;0;Bacteria;Proteobacteria;Gammaproteobacteria;Betaproteobacteriales;Burkholderiaceae;;
d6ac1cbc3019c305588229b913dc0843;0;0;0;0;0;0;1;0;0;0;Bacteria;Proteobacteria;Alphaproteobacteria;Sphingomonadales;Sphingomonadaceae;;
d7b157fb81abaebbb1c16bc14a731efd;0;0;0;0;0;1;0;0;0;0;Bacteria;Acidobacteria;Subgroup 6;metagenome;metagenome;metagenome;metagenome
d8d0b3af3a7e51476196474cebca015c;0;0;0;0;0;0;0;0;1;0;Bacteria;Proteobacteria;Alphaproteobacteria;Acetobacterales;Acetobacteraceae;Acetobacter;
d93ef9522a7d0e0065cfff0ecb27a8ee;0;0;0;0;0;2;0;0;0;0;Bacteria;Planctomycetes;Planctomycetacia;Planctomycetales;Rubinisphaeraceae;uncultured;uncultured bacterium
d9c1ebc74cb7840afeee42a16cfe064a;0;0;0;0;0;0;2;0;0;0;Bacteria;Proteobacteria;Gammaproteobacteria;Alteromonadales;Marinobacteraceae;Marinobacter;
daf621eb0bd9aeed3f18764c634302f8;0;0;0;1;0;0;0;0;2;0;Bacteria;Proteobacteria;Gammaproteobacteria;Salinisphaerales;Solimonadaceae;uncultured;uncultured bacterium
dbc74d6481261d1ad05d1a475a90e11b;0;0;0;0;0;0;1;0;0;0;Archaea;Thaumarchaeota;Nitrososphaeria;Nitrosopumilales;Nitrosopumilaceae;;
dc82c140611fccc63e5be4ce7f9d7113;0;2;0;0;0;0;0;0;0;0;Bacteria;Proteobacteria;Gammaproteobacteria;Orbales;Orbaceae;Gilliamella;Gilliamella apicola
dcbdcd3b31d3c5bf8937057b779c5c74;0;0;0;0;1;0;0;0;0;0;Bacteria;Proteobacteria;Alphaproteobacteria;Acetobacterales;Acetobacteraceae;Acetobacter;uncultured bacterium
dd07cd2455da4f5f5a4b575b6cc85df3;0;0;0;0;2;0;0;0;0;0;Bacteria;Proteobacteria;Alphaproteobacteria;Acetobacterales;Acetobacteraceae;Acetobacter;
ddbcad3adf945a3d0af617f2c59c6e01;0;0;0;0;0;0;0;2;0;0;Bacteria;Bacteroidetes;Bacteroidia;Cytophagales;Cyclobacteriaceae;Algoriphagus;uncultured bacterium
de24dcad340c6f34c741ed64518eaa9a;0;0;0;0;0;3;0;0;0;0;Bacteria;Proteobacteria;Gammaproteobacteria;Pseudomonadales;Pseudomonadaceae;Pseudomonas;
dfd13a575d84bec971eb510c99155523;0;0;0;0;0;0;2;0;3;0;Bacteria;Proteobacteria;Alphaproteobacteria;Rhodobacterales;Rhodobacteraceae;;
dfe80c883569d5d6364ba814330be157;0;3;0;0;0;0;1;3;1;1;Bacteria;Bacteroidetes;Bacteroidia;Flavobacteriales;Flavobacteriaceae;;
e0791fbec44c07412d1ded799e0ffb18;0;0;0;3;0;0;0;0;0;0;Bacteria;Bacteroidetes;Bacteroidia;Flavobacteriales;Flavobacteriaceae;Flavobacterium;
e0ddd6b540af5ea76e29f1c40e315d4e;0;0;0;0;0;0;0;1;0;0;Bacteria;Firmicutes;Clostridia;Clostridiales;Family XI;Gottschalkia;uncultured bacterium
e120b61bd9fa304c07d0c710210f85ca;0;0;0;1;0;0;0;0;0;0;Bacteria;Acidobacteria;Subgroup 17;metagenome;metagenome;metagenome;metagenome
e27122cc259ae42d1e4361d159e6bd71;0;0;0;1;0;0;0;0;0;0;Bacteria;Proteobacteria;Gammaproteobacteria;Oceanospirillales;Nitrincolaceae;Marinobacterium;
e2a3c423ee0467d8a75ecad9caf49a7c;0;2;0;0;0;0;0;0;0;0;Bacteria;Verrucomicrobia;Verrucomicrobiae;Verrucomicrobiales;Rubritaleaceae;Luteolibacter;uncultured bacterium
e3c86f94b78d17df36ba8a653412ec7b;0;0;0;0;0;0;0;0;0;1;Bacteria;Proteobacteria;Alphaproteobacteria;Rhodobacterales;Rhodobacteraceae;Sulfitobacter;uncultured marine bacterium
e4a8bae3a44d698b5b46da29c1948e0f;0;2;0;0;0;0;0;0;0;0;Bacteria;Acidobacteria;Blastocatellia (Subgroup 4);Blastocatellales;Blastocatellaceae;Blastocatella;uncultured bacterium
e519f9a61170852589c9dd0a40b0455e;0;0;0;0;0;0;1;0;0;0;Bacteria;Proteobacteria;Alphaproteobacteria;Acetobacterales;Acetobacteraceae;Acetobacter;uncultured bacterium
e7b7e6b5ffc9db7ddcc00d62386a44c0;0;0;0;0;0;0;0;0;0;1;Bacteria;Proteobacteria;Gammaproteobacteria;Steroidobacterales;Woeseiaceae;Woeseia;
e9c31727ebec5aeeba75aa0232fa0a2c;0;0;0;0;0;0;0;0;0;1;Bacteria;Nitrospirae;Nitrospira;Nitrospirales;Nitrospiraceae;Nitrospira;uncultured Nitrospirae bacterium
e9e9d687b01989741cfe96935aad93d4;0;0;0;0;0;0;0;0;0;1;Bacteria;Bacteroidetes;Rhodothermia;Rhodothermales;Rhodothermaceae;uncultured;
ea58ba86adf4d820b858783f7f6bc594;0;0;0;1;0;0;0;0;0;0;Bacteria;Proteobacteria;Alphaproteobacteria;Rhodobacterales;Rhodobacteraceae;;
eae75507dd7e4acf0752a0a660035877;0;0;0;0;0;0;0;0;1;0;Bacteria;Proteobacteria;Deltaproteobacteria;Desulfobacterales;Desulfobulbaceae;;
ebf7d94652d7664458d7bb46a6eb3197;0;3;0;1;0;2;0;0;0;3;Bacteria;Proteobacteria;Gammaproteobacteria;Pseudomonadales;Pseudomonadaceae;Pseudomonas;
ecdacbfb146b1d0c7cddb966e4505bc6;0;0;0;0;0;0;1;0;0;0;Bacteria;Proteobacteria;Deltaproteobacteria;Desulfobacterales;Desulfobulbaceae;Desulfopila;uncultured bacterium
ed0e4a0185c596afb88978476ec19fac;0;0;0;0;0;0;0;0;0;1;Bacteria;Acidobacteria;Thermoanaerobaculia;Thermoanaerobaculales;Thermoanaerobaculaceae;Subgroup 10;uncultured Acidobacteria bacterium
f0d0622a870b872e16d52d3a15876159;0;0;0;0;0;3;0;0;0;0;Bacteria;Proteobacteria;Gammaproteobacteria;Pseudomonadales;Pseudomonadaceae;Pseudomonas;
f118255340be51bd32913bd392395414;0;0;0;1;0;0;0;1;1;0;Bacteria;Proteobacteria;Gammaproteobacteria;Betaproteobacteriales;Burkholderiaceae;Rhodoferax;
f181095a8b27eaaa2a26293f6016d913;0;0;0;1;0;0;0;0;0;0;Bacteria;Proteobacteria;Alphaproteobacteria;Rhodobacterales;Rhodobacteraceae;uncultured;
f20a47a0d44306fb2246bf2475b1787f;0;0;0;0;0;2;0;0;0;0;Bacteria;Bacteroidetes;Bacteroidia;Cytophagales;Hymenobacteraceae;Pontibacter;uncultured bacterium
f372cfe4d0921f95b2c9e79b14c487c9;0;0;0;0;1;1;0;2;0;0;Bacteria;Bacteroidetes;Bacteroidia;Flavobacteriales;Flavobacteriaceae;;
f55a05fd4d9e831001f4a2d42a39b8dd;0;0;0;0;0;0;1;0;0;0;Bacteria;Bacteroidetes;Bacteroidia;Chitinophagales;Saprospiraceae;uncultured;
f5ca66e9350644f359d7091317aa1488;0;0;0;0;1;0;0;0;0;0;Bacteria;Proteobacteria;Alphaproteobacteria;Rhodobacterales;Rhodobacteraceae;;
f64f8b31d50c5ab0549c543b5824629d;0;0;0;0;2;0;0;2;0;0;Bacteria;Proteobacteria;Alphaproteobacteria;Rhodobacterales;Rhodobacteraceae;Amaricoccus;
f756f8aeebd79f81921321e5177b6c45;0;0;0;0;0;0;0;1;0;0;Bacteria;Bacteroidetes;Bacteroidia;Flavobacteriales;Flavobacteriaceae;Aquibacter;uncultured bacterium
f91149578436844462e60539517665a8;0;0;0;0;0;0;0;0;0;1;Bacteria;Proteobacteria;Gammaproteobacteria;Steroidobacterales;Woeseiaceae;Woeseia;
fc79f054baea91d7b1559ed6c957c209;0;2;0;0;0;0;0;0;0;0;Bacteria;Proteobacteria;Gammaproteobacteria;Betaproteobacteriales;Burkholderiaceae;;
fd0d03d50195c2dd81fb77865e88161d;0;0;0;2;1;5;1;4;2;3;Bacteria;Proteobacteria;Gammaproteobacteria;Betaproteobacteriales;Burkholderiaceae;Leptothrix;uncultured bacterium
ff45e3a525afe64bc6c43ea25c075a58;0;0;0;2;0;1;0;0;1;0;Bacteria;Bacteroidetes;Bacteroidia;Flavobacteriales;Crocinitomicaceae;Fluviicola;uncultured bacterium
ff56aab72958f466a0cb305538683360;0;0;0;0;0;0;2;0;0;0;Bacteria;Acidobacteria;Thermoanaerobaculia;Thermoanaerobaculales;Thermoanaerobaculaceae;Subgroup 10;
